<?xml version="1.0" encoding="UTF-8"?>
<root>
<header>
<header>날짜</header>
<header>미세먼지농도_ug_mXmXm_</header>
<header>결과</header>
</header>
<Row>
<날짜>2017-01-10</날짜>
<미세먼지농도_ug_mXmXm_>19</미세먼지농도_ug_mXmXm_>
<결과>좋음</결과>
</Row>
<Row>
<날짜>2017-01-11</날짜>
<미세먼지농도_ug_mXmXm_>20</미세먼지농도_ug_mXmXm_>
<결과>좋음</결과>
</Row>
<Row>
<날짜>2017-01-13</날짜>
<미세먼지농도_ug_mXmXm_>29</미세먼지농도_ug_mXmXm_>
<결과>좋음</결과>
</Row>
<Row>
<날짜>2017-01-14</날짜>
<미세먼지농도_ug_mXmXm_>40</미세먼지농도_ug_mXmXm_>
<결과>보통</결과>
</Row>
<Row>
<날짜>2017-01-20</날짜>
<미세먼지농도_ug_mXmXm_>20</미세먼지농도_ug_mXmXm_>
<결과>좋음</결과>
</Row>
<Row>
<날짜>2017-01-21</날짜>
<미세먼지농도_ug_mXmXm_>20</미세먼지농도_ug_mXmXm_>
<결과>좋음</결과>
</Row>
<Row>
<날짜>2017-01-27</날짜>
<미세먼지농도_ug_mXmXm_>25</미세먼지농도_ug_mXmXm_>
<결과>좋음</결과>
</Row>
<Row>
<날짜>2017-01-28</날짜>
<미세먼지농도_ug_mXmXm_>40</미세먼지농도_ug_mXmXm_>
<결과>보통</결과>
</Row>
<Row>
<날짜>2017-01-31</날짜>
<미세먼지농도_ug_mXmXm_>40</미세먼지농도_ug_mXmXm_>
<결과>보통</결과>
</Row>
<Row>
<날짜>2017-02-01</날짜>
<미세먼지농도_ug_mXmXm_>50</미세먼지농도_ug_mXmXm_>
<결과>보통</결과>
</Row>
<Row>
<날짜>2017-02-02</날짜>
<미세먼지농도_ug_mXmXm_>10</미세먼지농도_ug_mXmXm_>
<결과>좋음</결과>
</Row>
<Row>
<날짜>2017-02-03</날짜>
<미세먼지농도_ug_mXmXm_>22</미세먼지농도_ug_mXmXm_>
<결과>좋음</결과>
</Row>
<Row>
<날짜>2017-02-06</날짜>
<미세먼지농도_ug_mXmXm_>25</미세먼지농도_ug_mXmXm_>
<결과>좋음</결과>
</Row>
<Row>
<날짜>2017-02-07</날짜>
<미세먼지농도_ug_mXmXm_>27</미세먼지농도_ug_mXmXm_>
<결과>좋음</결과>
</Row>
<Row>
<날짜>2017-02-08</날짜>
<미세먼지농도_ug_mXmXm_>30</미세먼지농도_ug_mXmXm_>
<결과>좋음</결과>
</Row>
<Row>
<날짜>2017-02-09</날짜>
<미세먼지농도_ug_mXmXm_>41</미세먼지농도_ug_mXmXm_>
<결과>보통</결과>
</Row>
<Row>
<날짜>2017-02-10</날짜>
<미세먼지농도_ug_mXmXm_>42</미세먼지농도_ug_mXmXm_>
<결과>보통</결과>
</Row>
<Row>
<날짜>2017-02-11</날짜>
<미세먼지농도_ug_mXmXm_>19</미세먼지농도_ug_mXmXm_>
<결과>좋음</결과>
</Row>
<Row>
<날짜>2017-02-14</날짜>
<미세먼지농도_ug_mXmXm_>18</미세먼지농도_ug_mXmXm_>
<결과>좋음</결과>
</Row>
<Row>
<날짜>2017-02-15</날짜>
<미세먼지농도_ug_mXmXm_>20</미세먼지농도_ug_mXmXm_>
<결과>좋음</결과>
</Row>
<Row>
<날짜>2017-02-16</날짜>
<미세먼지농도_ug_mXmXm_>22</미세먼지농도_ug_mXmXm_>
<결과>좋음</결과>
</Row>
<Row>
<날짜>2017-02-17</날짜>
<미세먼지농도_ug_mXmXm_>43</미세먼지농도_ug_mXmXm_>
<결과>보통</결과>
</Row>
<Row>
<날짜>2017-02-22</날짜>
<미세먼지농도_ug_mXmXm_>43</미세먼지농도_ug_mXmXm_>
<결과>보통</결과>
</Row>
<Row>
<날짜>2017-02-23</날짜>
<미세먼지농도_ug_mXmXm_>41</미세먼지농도_ug_mXmXm_>
<결과>보통</결과>
</Row>
<Row>
<날짜>2017-02-24</날짜>
<미세먼지농도_ug_mXmXm_>20</미세먼지농도_ug_mXmXm_>
<결과>좋음</결과>
</Row>
<Row>
<날짜>2017-02-25</날짜>
<미세먼지농도_ug_mXmXm_>30</미세먼지농도_ug_mXmXm_>
<결과>좋음</결과>
</Row>
<Row>
<날짜>2017-02-26</날짜>
<미세먼지농도_ug_mXmXm_>35</미세먼지농도_ug_mXmXm_>
<결과>보통</결과>
</Row>
<Row>
<날짜>2017-02-27</날짜>
<미세먼지농도_ug_mXmXm_>37</미세먼지농도_ug_mXmXm_>
<결과>보통</결과>
</Row>
<Row>
<날짜>2017-03-01</날짜>
<미세먼지농도_ug_mXmXm_>38</미세먼지농도_ug_mXmXm_>
<결과>보통</결과>
</Row>
<Row>
<날짜>2017-03-02</날짜>
<미세먼지농도_ug_mXmXm_>39</미세먼지농도_ug_mXmXm_>
<결과>보통</결과>
</Row>
<Row>
<날짜>2017-03-03</날짜>
<미세먼지농도_ug_mXmXm_>29</미세먼지농도_ug_mXmXm_>
<결과>좋음</결과>
</Row>
<Row>
<날짜>2017-03-06</날짜>
<미세먼지농도_ug_mXmXm_>30</미세먼지농도_ug_mXmXm_>
<결과>좋음</결과>
</Row>
<Row>
<날짜>2017-03-07</날짜>
<미세먼지농도_ug_mXmXm_>40</미세먼지농도_ug_mXmXm_>
<결과>보통</결과>
</Row>
<Row>
<날짜>2017-03-08</날짜>
<미세먼지농도_ug_mXmXm_>41</미세먼지농도_ug_mXmXm_>
<결과>보통</결과>
</Row>
<Row>
<날짜>2017-03-09</날짜>
<미세먼지농도_ug_mXmXm_>20</미세먼지농도_ug_mXmXm_>
<결과>좋음</결과>
</Row>
<Row>
<날짜>2017-03-12</날짜>
<미세먼지농도_ug_mXmXm_>21</미세먼지농도_ug_mXmXm_>
<결과>좋음</결과>
</Row>
<Row>
<날짜>2017-03-13</날짜>
<미세먼지농도_ug_mXmXm_>22</미세먼지농도_ug_mXmXm_>
<결과>좋음</결과>
</Row>
<Row>
<날짜>2017-03-18</날짜>
<미세먼지농도_ug_mXmXm_>23</미세먼지농도_ug_mXmXm_>
<결과>좋음</결과>
</Row>
<Row>
<날짜>2017-03-19</날짜>
<미세먼지농도_ug_mXmXm_>30</미세먼지농도_ug_mXmXm_>
<결과>좋음</결과>
</Row>
<Row>
<날짜>2017-03-20</날짜>
<미세먼지농도_ug_mXmXm_>24</미세먼지농도_ug_mXmXm_>
<결과>좋음</결과>
</Row>
<Row>
<날짜>2017-03-21</날짜>
<미세먼지농도_ug_mXmXm_>25</미세먼지농도_ug_mXmXm_>
<결과>좋음</결과>
</Row>
<Row>
<날짜>2017-03-22</날짜>
<미세먼지농도_ug_mXmXm_>25</미세먼지농도_ug_mXmXm_>
<결과>좋음</결과>
</Row>
<Row>
<날짜>2017-03-23</날짜>
<미세먼지농도_ug_mXmXm_>30</미세먼지농도_ug_mXmXm_>
<결과>좋음</결과>
</Row>
<Row>
<날짜>2017-03-30</날짜>
<미세먼지농도_ug_mXmXm_>30</미세먼지농도_ug_mXmXm_>
<결과>좋음</결과>
</Row>
<Row>
<날짜>2017-03-31</날짜>
<미세먼지농도_ug_mXmXm_>30</미세먼지농도_ug_mXmXm_>
<결과>좋음</결과>
</Row>
<Row>
<날짜>2017-04-01</날짜>
<미세먼지농도_ug_mXmXm_>30</미세먼지농도_ug_mXmXm_>
<결과>좋음</결과>
</Row>
<Row>
<날짜>2017-04-02</날짜>
<미세먼지농도_ug_mXmXm_>24</미세먼지농도_ug_mXmXm_>
<결과>좋음</결과>
</Row>
<Row>
<날짜>2017-04-03</날짜>
<미세먼지농도_ug_mXmXm_>40</미세먼지농도_ug_mXmXm_>
<결과>보통</결과>
</Row>
<Row>
<날짜>2017-04-04</날짜>
<미세먼지농도_ug_mXmXm_>40</미세먼지농도_ug_mXmXm_>
<결과>보통</결과>
</Row>
<Row>
<날짜>2017-04-05</날짜>
<미세먼지농도_ug_mXmXm_>30</미세먼지농도_ug_mXmXm_>
<결과>좋음</결과>
</Row>
<Row>
<날짜>2017-04-06</날짜>
<미세먼지농도_ug_mXmXm_>35</미세먼지농도_ug_mXmXm_>
<결과>보통</결과>
</Row>
<Row>
<날짜>2017-04-07</날짜>
<미세먼지농도_ug_mXmXm_>35</미세먼지농도_ug_mXmXm_>
<결과>보통</결과>
</Row>
<Row>
<날짜>2017-04-08</날짜>
<미세먼지농도_ug_mXmXm_>35</미세먼지농도_ug_mXmXm_>
<결과>보통</결과>
</Row>
<Row>
<날짜>2017-04-09</날짜>
<미세먼지농도_ug_mXmXm_>36</미세먼지농도_ug_mXmXm_>
<결과>보통</결과>
</Row>
<Row>
<날짜>2017-04-10</날짜>
<미세먼지농도_ug_mXmXm_>20</미세먼지농도_ug_mXmXm_>
<결과>좋음</결과>
</Row>
<Row>
<날짜>2017-04-13</날짜>
<미세먼지농도_ug_mXmXm_>31</미세먼지농도_ug_mXmXm_>
<결과>보통</결과>
</Row>
<Row>
<날짜>2017-04-14</날짜>
<미세먼지농도_ug_mXmXm_>33</미세먼지농도_ug_mXmXm_>
<결과>보통</결과>
</Row>
<Row>
<날짜>2017-04-15</날짜>
<미세먼지농도_ug_mXmXm_>35</미세먼지농도_ug_mXmXm_>
<결과>보통</결과>
</Row>
<Row>
<날짜>2017-04-16</날짜>
<미세먼지농도_ug_mXmXm_>36</미세먼지농도_ug_mXmXm_>
<결과>보통</결과>
</Row>
<Row>
<날짜>2017-04-17</날짜>
<미세먼지농도_ug_mXmXm_>33</미세먼지농도_ug_mXmXm_>
<결과>보통</결과>
</Row>
<Row>
<날짜>2017-04-19</날짜>
<미세먼지농도_ug_mXmXm_>19</미세먼지농도_ug_mXmXm_>
<결과>좋음</결과>
</Row>
<Row>
<날짜>2017-04-20</날짜>
<미세먼지농도_ug_mXmXm_>40</미세먼지농도_ug_mXmXm_>
<결과>보통</결과>
</Row>
<Row>
<날짜>2017-04-21</날짜>
<미세먼지농도_ug_mXmXm_>9</미세먼지농도_ug_mXmXm_>
<결과>좋음</결과>
</Row>
<Row>
<날짜>2017-04-22</날짜>
<미세먼지농도_ug_mXmXm_>8</미세먼지농도_ug_mXmXm_>
<결과>좋음</결과>
</Row>
<Row>
<날짜>2017-04-23</날짜>
<미세먼지농도_ug_mXmXm_>14</미세먼지농도_ug_mXmXm_>
<결과>좋음</결과>
</Row>
<Row>
<날짜>2017-04-24</날짜>
<미세먼지농도_ug_mXmXm_>20</미세먼지농도_ug_mXmXm_>
<결과>좋음</결과>
</Row>
<Row>
<날짜>2017-05-01</날짜>
<미세먼지농도_ug_mXmXm_>25</미세먼지농도_ug_mXmXm_>
<결과>좋음</결과>
</Row>
<Row>
<날짜>2017-05-02</날짜>
<미세먼지농도_ug_mXmXm_>25</미세먼지농도_ug_mXmXm_>
<결과>좋음</결과>
</Row>
<Row>
<날짜>2017-05-03</날짜>
<미세먼지농도_ug_mXmXm_>40</미세먼지농도_ug_mXmXm_>
<결과>보통</결과>
</Row>
<Row>
<날짜>2017-05-04</날짜>
<미세먼지농도_ug_mXmXm_>41</미세먼지농도_ug_mXmXm_>
<결과>보통</결과>
</Row>
<Row>
<날짜>2017-05-05</날짜>
<미세먼지농도_ug_mXmXm_>29</미세먼지농도_ug_mXmXm_>
<결과>좋음</결과>
</Row>
<Row>
<날짜>2017-05-06</날짜>
<미세먼지농도_ug_mXmXm_>20</미세먼지농도_ug_mXmXm_>
<결과>좋음</결과>
</Row>
<Row>
<날짜>2017-05-11</날짜>
<미세먼지농도_ug_mXmXm_>34</미세먼지농도_ug_mXmXm_>
<결과>보통</결과>
</Row>
<Row>
<날짜>2017-05-12</날짜>
<미세먼지농도_ug_mXmXm_>35</미세먼지농도_ug_mXmXm_>
<결과>보통</결과>
</Row>
<Row>
<날짜>2017-05-13</날짜>
<미세먼지농도_ug_mXmXm_>39</미세먼지농도_ug_mXmXm_>
<결과>보통</결과>
</Row>
<Row>
<날짜>2017-05-19</날짜>
<미세먼지농도_ug_mXmXm_>38</미세먼지농도_ug_mXmXm_>
<결과>보통</결과>
</Row>
<Row>
<날짜>2017-05-20</날짜>
<미세먼지농도_ug_mXmXm_>15</미세먼지농도_ug_mXmXm_>
<결과>좋음</결과>
</Row>
<Row>
<날짜>2017-05-21</날짜>
<미세먼지농도_ug_mXmXm_>18</미세먼지농도_ug_mXmXm_>
<결과>좋음</결과>
</Row>
<Row>
<날짜>2017-05-22</날짜>
<미세먼지농도_ug_mXmXm_>9</미세먼지농도_ug_mXmXm_>
<결과>좋음</결과>
</Row>
<Row>
<날짜>2017-05-27</날짜>
<미세먼지농도_ug_mXmXm_>8</미세먼지농도_ug_mXmXm_>
<결과>좋음</결과>
</Row>
<Row>
<날짜>2017-05-28</날짜>
<미세먼지농도_ug_mXmXm_>7</미세먼지농도_ug_mXmXm_>
<결과>좋음</결과>
</Row>
<Row>
<날짜>2017-05-29</날짜>
<미세먼지농도_ug_mXmXm_>20</미세먼지농도_ug_mXmXm_>
<결과>좋음</결과>
</Row>
<Row>
<날짜>2017-05-30</날짜>
<미세먼지농도_ug_mXmXm_>21</미세먼지농도_ug_mXmXm_>
<결과>좋음</결과>
</Row>
<Row>
<날짜>2017-06-01</날짜>
<미세먼지농도_ug_mXmXm_>22</미세먼지농도_ug_mXmXm_>
<결과>좋음</결과>
</Row>
<Row>
<날짜>2017-06-02</날짜>
<미세먼지농도_ug_mXmXm_>30</미세먼지농도_ug_mXmXm_>
<결과>좋음</결과>
</Row>
<Row>
<날짜>2017-06-03</날짜>
<미세먼지농도_ug_mXmXm_>30</미세먼지농도_ug_mXmXm_>
<결과>좋음</결과>
</Row>
<Row>
<날짜>2017-06-07</날짜>
<미세먼지농도_ug_mXmXm_>31</미세먼지농도_ug_mXmXm_>
<결과>보통</결과>
</Row>
<Row>
<날짜>2017-06-11</날짜>
<미세먼지농도_ug_mXmXm_>15</미세먼지농도_ug_mXmXm_>
<결과>좋음</결과>
</Row>
<Row>
<날짜>2017-06-12</날짜>
<미세먼지농도_ug_mXmXm_>7</미세먼지농도_ug_mXmXm_>
<결과>좋음</결과>
</Row>
<Row>
<날짜>2017-06-13</날짜>
<미세먼지농도_ug_mXmXm_>9</미세먼지농도_ug_mXmXm_>
<결과>좋음</결과>
</Row>
<Row>
<날짜>2017-06-14</날짜>
<미세먼지농도_ug_mXmXm_>10</미세먼지농도_ug_mXmXm_>
<결과>좋음</결과>
</Row>
<Row>
<날짜>2017-06-18</날짜>
<미세먼지농도_ug_mXmXm_>22</미세먼지농도_ug_mXmXm_>
<결과>좋음</결과>
</Row>
<Row>
<날짜>2017-06-19</날짜>
<미세먼지농도_ug_mXmXm_>14</미세먼지농도_ug_mXmXm_>
<결과>좋음</결과>
</Row>
<Row>
<날짜>2017-06-20</날짜>
<미세먼지농도_ug_mXmXm_>15</미세먼지농도_ug_mXmXm_>
<결과>좋음</결과>
</Row>
<Row>
<날짜>2017-06-24</날짜>
<미세먼지농도_ug_mXmXm_>67</미세먼지농도_ug_mXmXm_>
<결과>보통</결과>
</Row>
<Row>
<날짜>2017-06-25</날짜>
<미세먼지농도_ug_mXmXm_>20</미세먼지농도_ug_mXmXm_>
<결과>좋음</결과>
</Row>
<Row>
<날짜>2017-06-26</날짜>
<미세먼지농도_ug_mXmXm_>10</미세먼지농도_ug_mXmXm_>
<결과>좋음</결과>
</Row>
<Row>
<날짜>2017-06-27</날짜>
<미세먼지농도_ug_mXmXm_>10</미세먼지농도_ug_mXmXm_>
<결과>좋음</결과>
</Row>
<Row>
<날짜>2017-06-28</날짜>
<미세먼지농도_ug_mXmXm_>13</미세먼지농도_ug_mXmXm_>
<결과>좋음</결과>
</Row>
<Row>
<날짜>2017-06-29</날짜>
<미세먼지농도_ug_mXmXm_>14</미세먼지농도_ug_mXmXm_>
<결과>좋음</결과>
</Row>
<Row>
<날짜>2017-06-30</날짜>
<미세먼지농도_ug_mXmXm_>17</미세먼지농도_ug_mXmXm_>
<결과>좋음</결과>
</Row>
<Row>
<날짜>2017-07-01</날짜>
<미세먼지농도_ug_mXmXm_>12</미세먼지농도_ug_mXmXm_>
<결과>좋음</결과>
</Row>
<Row>
<날짜>2017-07-02</날짜>
<미세먼지농도_ug_mXmXm_>48</미세먼지농도_ug_mXmXm_>
<결과>보통</결과>
</Row>
<Row>
<날짜>2017-07-06</날짜>
<미세먼지농도_ug_mXmXm_>30</미세먼지농도_ug_mXmXm_>
<결과>좋음</결과>
</Row>
<Row>
<날짜>2017-07-07</날짜>
<미세먼지농도_ug_mXmXm_>32</미세먼지농도_ug_mXmXm_>
<결과>보통</결과>
</Row>
<Row>
<날짜>2017-07-08</날짜>
<미세먼지농도_ug_mXmXm_>22</미세먼지농도_ug_mXmXm_>
<결과>좋음</결과>
</Row>
<Row>
<날짜>2017-07-09</날짜>
<미세먼지농도_ug_mXmXm_>21</미세먼지농도_ug_mXmXm_>
<결과>좋음</결과>
</Row>
<Row>
<날짜>2017-07-10</날짜>
<미세먼지농도_ug_mXmXm_>26</미세먼지농도_ug_mXmXm_>
<결과>좋음</결과>
</Row>
<Row>
<날짜>2017-07-15</날짜>
<미세먼지농도_ug_mXmXm_>28</미세먼지농도_ug_mXmXm_>
<결과>좋음</결과>
</Row>
<Row>
<날짜>2017-07-16</날짜>
<미세먼지농도_ug_mXmXm_>29</미세먼지농도_ug_mXmXm_>
<결과>좋음</결과>
</Row>
<Row>
<날짜>2017-07-17</날짜>
<미세먼지농도_ug_mXmXm_>15</미세먼지농도_ug_mXmXm_>
<결과>좋음</결과>
</Row>
<Row>
<날짜>2017-07-18</날짜>
<미세먼지농도_ug_mXmXm_>16</미세먼지농도_ug_mXmXm_>
<결과>좋음</결과>
</Row>
<Row>
<날짜>2017-07-19</날짜>
<미세먼지농도_ug_mXmXm_>19</미세먼지농도_ug_mXmXm_>
<결과>좋음</결과>
</Row>
<Row>
<날짜>2017-07-20</날짜>
<미세먼지농도_ug_mXmXm_>30</미세먼지농도_ug_mXmXm_>
<결과>좋음</결과>
</Row>
<Row>
<날짜>2017-07-26</날짜>
<미세먼지농도_ug_mXmXm_>30</미세먼지농도_ug_mXmXm_>
<결과>좋음</결과>
</Row>
<Row>
<날짜>2017-07-27</날짜>
<미세먼지농도_ug_mXmXm_>31</미세먼지농도_ug_mXmXm_>
<결과>보통</결과>
</Row>
<Row>
<날짜>2017-07-28</날짜>
<미세먼지농도_ug_mXmXm_>41</미세먼지농도_ug_mXmXm_>
<결과>보통</결과>
</Row>
<Row>
<날짜>2017-07-29</날짜>
<미세먼지농도_ug_mXmXm_>42</미세먼지농도_ug_mXmXm_>
<결과>보통</결과>
</Row>
<Row>
<날짜>2017-07-30</날짜>
<미세먼지농도_ug_mXmXm_>10</미세먼지농도_ug_mXmXm_>
<결과>좋음</결과>
</Row>
<Row>
<날짜>2017-07-31</날짜>
<미세먼지농도_ug_mXmXm_>12</미세먼지농도_ug_mXmXm_>
<결과>좋음</결과>
</Row>
<Row>
<날짜>2017-08-06</날짜>
<미세먼지농도_ug_mXmXm_>13</미세먼지농도_ug_mXmXm_>
<결과>좋음</결과>
</Row>
<Row>
<날짜>2017-08-07</날짜>
<미세먼지농도_ug_mXmXm_>9</미세먼지농도_ug_mXmXm_>
<결과>좋음</결과>
</Row>
<Row>
<날짜>2017-08-08</날짜>
<미세먼지농도_ug_mXmXm_>9</미세먼지농도_ug_mXmXm_>
<결과>좋음</결과>
</Row>
<Row>
<날짜>2017-08-10</날짜>
<미세먼지농도_ug_mXmXm_>5</미세먼지농도_ug_mXmXm_>
<결과>좋음</결과>
</Row>
<Row>
<날짜>2017-08-11</날짜>
<미세먼지농도_ug_mXmXm_>19</미세먼지농도_ug_mXmXm_>
<결과>좋음</결과>
</Row>
<Row>
<날짜>2017-08-16</날짜>
<미세먼지농도_ug_mXmXm_>20</미세먼지농도_ug_mXmXm_>
<결과>좋음</결과>
</Row>
<Row>
<날짜>2017-08-17</날짜>
<미세먼지농도_ug_mXmXm_>21</미세먼지농도_ug_mXmXm_>
<결과>좋음</결과>
</Row>
<Row>
<날짜>2017-08-18</날짜>
<미세먼지농도_ug_mXmXm_>31</미세먼지농도_ug_mXmXm_>
<결과>보통</결과>
</Row>
<Row>
<날짜>2017-08-19</날짜>
<미세먼지농도_ug_mXmXm_>22</미세먼지농도_ug_mXmXm_>
<결과>좋음</결과>
</Row>
<Row>
<날짜>2017-08-20</날짜>
<미세먼지농도_ug_mXmXm_>21</미세먼지농도_ug_mXmXm_>
<결과>좋음</결과>
</Row>
<Row>
<날짜>2017-08-23</날짜>
<미세먼지농도_ug_mXmXm_>18</미세먼지농도_ug_mXmXm_>
<결과>좋음</결과>
</Row>
<Row>
<날짜>2017-08-24</날짜>
<미세먼지농도_ug_mXmXm_>16</미세먼지농도_ug_mXmXm_>
<결과>좋음</결과>
</Row>
<Row>
<날짜>2017-08-28</날짜>
<미세먼지농도_ug_mXmXm_>16</미세먼지농도_ug_mXmXm_>
<결과>좋음</결과>
</Row>
<Row>
<날짜>2017-08-29</날짜>
<미세먼지농도_ug_mXmXm_>18</미세먼지농도_ug_mXmXm_>
<결과>좋음</결과>
</Row>
<Row>
<날짜>2017-08-31</날짜>
<미세먼지농도_ug_mXmXm_>20</미세먼지농도_ug_mXmXm_>
<결과>좋음</결과>
</Row>
<Row>
<날짜>2017-09-01</날짜>
<미세먼지농도_ug_mXmXm_>21</미세먼지농도_ug_mXmXm_>
<결과>좋음</결과>
</Row>
<Row>
<날짜>2017-09-02</날짜>
<미세먼지농도_ug_mXmXm_>22</미세먼지농도_ug_mXmXm_>
<결과>좋음</결과>
</Row>
<Row>
<날짜>2017-09-03</날짜>
<미세먼지농도_ug_mXmXm_>23</미세먼지농도_ug_mXmXm_>
<결과>좋음</결과>
</Row>
<Row>
<날짜>2017-09-04</날짜>
<미세먼지농도_ug_mXmXm_>30</미세먼지농도_ug_mXmXm_>
<결과>좋음</결과>
</Row>
<Row>
<날짜>2017-09-05</날짜>
<미세먼지농도_ug_mXmXm_>34</미세먼지농도_ug_mXmXm_>
<결과>보통</결과>
</Row>
<Row>
<날짜>2017-09-06</날짜>
<미세먼지농도_ug_mXmXm_>20</미세먼지농도_ug_mXmXm_>
<결과>좋음</결과>
</Row>
<Row>
<날짜>2017-09-09</날짜>
<미세먼지농도_ug_mXmXm_>30</미세먼지농도_ug_mXmXm_>
<결과>좋음</결과>
</Row>
<Row>
<날짜>2017-09-10</날짜>
<미세먼지농도_ug_mXmXm_>22</미세먼지농도_ug_mXmXm_>
<결과>좋음</결과>
</Row>
<Row>
<날짜>2017-09-11</날짜>
<미세먼지농도_ug_mXmXm_>10</미세먼지농도_ug_mXmXm_>
<결과>좋음</결과>
</Row>
<Row>
<날짜>2017-09-12</날짜>
<미세먼지농도_ug_mXmXm_>9</미세먼지농도_ug_mXmXm_>
<결과>좋음</결과>
</Row>
<Row>
<날짜>2017-09-13</날짜>
<미세먼지농도_ug_mXmXm_>9</미세먼지농도_ug_mXmXm_>
<결과>좋음</결과>
</Row>
<Row>
<날짜>2017-09-17</날짜>
<미세먼지농도_ug_mXmXm_>8</미세먼지농도_ug_mXmXm_>
<결과>좋음</결과>
</Row>
<Row>
<날짜>2017-09-18</날짜>
<미세먼지농도_ug_mXmXm_>10</미세먼지농도_ug_mXmXm_>
<결과>좋음</결과>
</Row>
<Row>
<날짜>2017-09-19</날짜>
<미세먼지농도_ug_mXmXm_>12</미세먼지농도_ug_mXmXm_>
<결과>좋음</결과>
</Row>
<Row>
<날짜>2017-09-20</날짜>
<미세먼지농도_ug_mXmXm_>23</미세먼지농도_ug_mXmXm_>
<결과>좋음</결과>
</Row>
<Row>
<날짜>2017-09-21</날짜>
<미세먼지농도_ug_mXmXm_>23</미세먼지농도_ug_mXmXm_>
<결과>좋음</결과>
</Row>
<Row>
<날짜>2017-09-24</날짜>
<미세먼지농도_ug_mXmXm_>23</미세먼지농도_ug_mXmXm_>
<결과>좋음</결과>
</Row>
<Row>
<날짜>2017-09-25</날짜>
<미세먼지농도_ug_mXmXm_>24</미세먼지농도_ug_mXmXm_>
<결과>좋음</결과>
</Row>
<Row>
<날짜>2017-09-26</날짜>
<미세먼지농도_ug_mXmXm_>15</미세먼지농도_ug_mXmXm_>
<결과>좋음</결과>
</Row>
<Row>
<날짜>2017-09-27</날짜>
<미세먼지농도_ug_mXmXm_>19</미세먼지농도_ug_mXmXm_>
<결과>좋음</결과>
</Row>
<Row>
<날짜>2017-09-28</날짜>
<미세먼지농도_ug_mXmXm_>37</미세먼지농도_ug_mXmXm_>
<결과>보통</결과>
</Row>
<Row>
<날짜>2017-09-29</날짜>
<미세먼지농도_ug_mXmXm_>27</미세먼지농도_ug_mXmXm_>
<결과>좋음</결과>
</Row>
<Row>
<날짜>2017-09-30</날짜>
<미세먼지농도_ug_mXmXm_>25</미세먼지농도_ug_mXmXm_>
<결과>좋음</결과>
</Row>
<Row>
<날짜>2017-10-01</날짜>
<미세먼지농도_ug_mXmXm_>28</미세먼지농도_ug_mXmXm_>
<결과>좋음</결과>
</Row>
<Row>
<날짜>2017-10-02</날짜>
<미세먼지농도_ug_mXmXm_>11</미세먼지농도_ug_mXmXm_>
<결과>좋음</결과>
</Row>
<Row>
<날짜>2017-10-03</날짜>
<미세먼지농도_ug_mXmXm_>35</미세먼지농도_ug_mXmXm_>
<결과>보통</결과>
</Row>
<Row>
<날짜>2017-10-04</날짜>
<미세먼지농도_ug_mXmXm_>39</미세먼지농도_ug_mXmXm_>
<결과>보통</결과>
</Row>
<Row>
<날짜>2017-10-05</날짜>
<미세먼지농도_ug_mXmXm_>18</미세먼지농도_ug_mXmXm_>
<결과>좋음</결과>
</Row>
<Row>
<날짜>2017-10-06</날짜>
<미세먼지농도_ug_mXmXm_>11</미세먼지농도_ug_mXmXm_>
<결과>좋음</결과>
</Row>
<Row>
<날짜>2017-10-07</날짜>
<미세먼지농도_ug_mXmXm_>13</미세먼지농도_ug_mXmXm_>
<결과>좋음</결과>
</Row>
<Row>
<날짜>2017-10-08</날짜>
<미세먼지농도_ug_mXmXm_>23</미세먼지농도_ug_mXmXm_>
<결과>좋음</결과>
</Row>
<Row>
<날짜>2017-10-09</날짜>
<미세먼지농도_ug_mXmXm_>26</미세먼지농도_ug_mXmXm_>
<결과>좋음</결과>
</Row>
<Row>
<날짜>2017-10-10</날짜>
<미세먼지농도_ug_mXmXm_>31</미세먼지농도_ug_mXmXm_>
<결과>보통</결과>
</Row>
<Row>
<날짜>2017-10-11</날짜>
<미세먼지농도_ug_mXmXm_>19</미세먼지농도_ug_mXmXm_>
<결과>좋음</결과>
</Row>
<Row>
<날짜>2017-10-12</날짜>
<미세먼지농도_ug_mXmXm_>16</미세먼지농도_ug_mXmXm_>
<결과>좋음</결과>
</Row>
<Row>
<날짜>2017-10-13</날짜>
<미세먼지농도_ug_mXmXm_>21</미세먼지농도_ug_mXmXm_>
<결과>좋음</결과>
</Row>
<Row>
<날짜>2017-10-14</날짜>
<미세먼지농도_ug_mXmXm_>23</미세먼지농도_ug_mXmXm_>
<결과>좋음</결과>
</Row>
<Row>
<날짜>2017-10-15</날짜>
<미세먼지농도_ug_mXmXm_>24</미세먼지농도_ug_mXmXm_>
<결과>좋음</결과>
</Row>
<Row>
<날짜>2017-10-16</날짜>
<미세먼지농도_ug_mXmXm_>25</미세먼지농도_ug_mXmXm_>
<결과>좋음</결과>
</Row>
<Row>
<날짜>2017-10-17</날짜>
<미세먼지농도_ug_mXmXm_>36</미세먼지농도_ug_mXmXm_>
<결과>보통</결과>
</Row>
<Row>
<날짜>2017-10-18</날짜>
<미세먼지농도_ug_mXmXm_>32</미세먼지농도_ug_mXmXm_>
<결과>보통</결과>
</Row>
<Row>
<날짜>2017-10-19</날짜>
<미세먼지농도_ug_mXmXm_>30</미세먼지농도_ug_mXmXm_>
<결과>좋음</결과>
</Row>
<Row>
<날짜>2017-10-20</날짜>
<미세먼지농도_ug_mXmXm_>27</미세먼지농도_ug_mXmXm_>
<결과>좋음</결과>
</Row>
<Row>
<날짜>2017-10-21</날짜>
<미세먼지농도_ug_mXmXm_>27</미세먼지농도_ug_mXmXm_>
<결과>좋음</결과>
</Row>
<Row>
<날짜>2017-10-22</날짜>
<미세먼지농도_ug_mXmXm_>19</미세먼지농도_ug_mXmXm_>
<결과>좋음</결과>
</Row>
<Row>
<날짜>2017-10-23</날짜>
<미세먼지농도_ug_mXmXm_>31</미세먼지농도_ug_mXmXm_>
<결과>보통</결과>
</Row>
<Row>
<날짜>2017-10-24</날짜>
<미세먼지농도_ug_mXmXm_>40</미세먼지농도_ug_mXmXm_>
<결과>보통</결과>
</Row>
<Row>
<날짜>2017-10-25</날짜>
<미세먼지농도_ug_mXmXm_>41</미세먼지농도_ug_mXmXm_>
<결과>보통</결과>
</Row>
<Row>
<날짜>2017-10-26</날짜>
<미세먼지농도_ug_mXmXm_>53</미세먼지농도_ug_mXmXm_>
<결과>보통</결과>
</Row>
<Row>
<날짜>2017-10-27</날짜>
<미세먼지농도_ug_mXmXm_>65</미세먼지농도_ug_mXmXm_>
<결과>보통</결과>
</Row>
<Row>
<날짜>2017-10-28</날짜>
<미세먼지농도_ug_mXmXm_>46</미세먼지농도_ug_mXmXm_>
<결과>보통</결과>
</Row>
<Row>
<날짜>2017-10-29</날짜>
<미세먼지농도_ug_mXmXm_>42</미세먼지농도_ug_mXmXm_>
<결과>보통</결과>
</Row>
<Row>
<날짜>2017-10-30</날짜>
<미세먼지농도_ug_mXmXm_>28</미세먼지농도_ug_mXmXm_>
<결과>좋음</결과>
</Row>
<Row>
<날짜>2017-10-31</날짜>
<미세먼지농도_ug_mXmXm_>36</미세먼지농도_ug_mXmXm_>
<결과>보통</결과>
</Row>
<Row>
<날짜>2017-11-01</날짜>
<미세먼지농도_ug_mXmXm_>42</미세먼지농도_ug_mXmXm_>
<결과>보통</결과>
</Row>
<Row>
<날짜>2017-11-02</날짜>
<미세먼지농도_ug_mXmXm_>45</미세먼지농도_ug_mXmXm_>
<결과>보통</결과>
</Row>
<Row>
<날짜>2017-11-03</날짜>
<미세먼지농도_ug_mXmXm_>39</미세먼지농도_ug_mXmXm_>
<결과>보통</결과>
</Row>
<Row>
<날짜>2017-11-04</날짜>
<미세먼지농도_ug_mXmXm_>73</미세먼지농도_ug_mXmXm_>
<결과>보통</결과>
</Row>
<Row>
<날짜>2017-11-05</날짜>
<미세먼지농도_ug_mXmXm_>44</미세먼지농도_ug_mXmXm_>
<결과>보통</결과>
</Row>
<Row>
<날짜>2017-11-06</날짜>
<미세먼지농도_ug_mXmXm_>41</미세먼지농도_ug_mXmXm_>
<결과>보통</결과>
</Row>
<Row>
<날짜>2017-11-07</날짜>
<미세먼지농도_ug_mXmXm_>46</미세먼지농도_ug_mXmXm_>
<결과>보통</결과>
</Row>
<Row>
<날짜>2017-11-08</날짜>
<미세먼지농도_ug_mXmXm_>62</미세먼지농도_ug_mXmXm_>
<결과>보통</결과>
</Row>
<Row>
<날짜>2017-11-09</날짜>
<미세먼지농도_ug_mXmXm_>34</미세먼지농도_ug_mXmXm_>
<결과>보통</결과>
</Row>
<Row>
<날짜>2017-11-10</날짜>
<미세먼지농도_ug_mXmXm_>51</미세먼지농도_ug_mXmXm_>
<결과>보통</결과>
</Row>
<Row>
<날짜>2017-11-11</날짜>
<미세먼지농도_ug_mXmXm_>59</미세먼지농도_ug_mXmXm_>
<결과>보통</결과>
</Row>
<Row>
<날짜>2017-11-12</날짜>
<미세먼지농도_ug_mXmXm_>40</미세먼지농도_ug_mXmXm_>
<결과>보통</결과>
</Row>
<Row>
<날짜>2017-11-13</날짜>
<미세먼지농도_ug_mXmXm_>39</미세먼지농도_ug_mXmXm_>
<결과>보통</결과>
</Row>
<Row>
<날짜>2017-11-14</날짜>
<미세먼지농도_ug_mXmXm_>47</미세먼지농도_ug_mXmXm_>
<결과>보통</결과>
</Row>
<Row>
<날짜>2017-11-15</날짜>
<미세먼지농도_ug_mXmXm_>34</미세먼지농도_ug_mXmXm_>
<결과>보통</결과>
</Row>
<Row>
<날짜>2017-11-16</날짜>
<미세먼지농도_ug_mXmXm_>29</미세먼지농도_ug_mXmXm_>
<결과>좋음</결과>
</Row>
<Row>
<날짜>2017-11-17</날짜>
<미세먼지농도_ug_mXmXm_>37</미세먼지농도_ug_mXmXm_>
<결과>보통</결과>
</Row>
<Row>
<날짜>2017-11-18</날짜>
<미세먼지농도_ug_mXmXm_>33</미세먼지농도_ug_mXmXm_>
<결과>보통</결과>
</Row>
<Row>
<날짜>2017-11-19</날짜>
<미세먼지농도_ug_mXmXm_>19</미세먼지농도_ug_mXmXm_>
<결과>좋음</결과>
</Row>
<Row>
<날짜>2017-11-20</날짜>
<미세먼지농도_ug_mXmXm_>35</미세먼지농도_ug_mXmXm_>
<결과>보통</결과>
</Row>
<Row>
<날짜>2017-11-21</날짜>
<미세먼지농도_ug_mXmXm_>40</미세먼지농도_ug_mXmXm_>
<결과>보통</결과>
</Row>
<Row>
<날짜>2017-11-22</날짜>
<미세먼지농도_ug_mXmXm_>60</미세먼지농도_ug_mXmXm_>
<결과>보통</결과>
</Row>
<Row>
<날짜>2017-11-23</날짜>
<미세먼지농도_ug_mXmXm_>19</미세먼지농도_ug_mXmXm_>
<결과>좋음</결과>
</Row>
<Row>
<날짜>2017-11-24</날짜>
<미세먼지농도_ug_mXmXm_>34</미세먼지농도_ug_mXmXm_>
<결과>보통</결과>
</Row>
<Row>
<날짜>2017-11-25</날짜>
<미세먼지농도_ug_mXmXm_>39</미세먼지농도_ug_mXmXm_>
<결과>보통</결과>
</Row>
<Row>
<날짜>2017-11-26</날짜>
<미세먼지농도_ug_mXmXm_>54</미세먼지농도_ug_mXmXm_>
<결과>보통</결과>
</Row>
<Row>
<날짜>2017-11-27</날짜>
<미세먼지농도_ug_mXmXm_>49</미세먼지농도_ug_mXmXm_>
<결과>보통</결과>
</Row>
<Row>
<날짜>2017-11-28</날짜>
<미세먼지농도_ug_mXmXm_>57</미세먼지농도_ug_mXmXm_>
<결과>보통</결과>
</Row>
<Row>
<날짜>2017-11-29</날짜>
<미세먼지농도_ug_mXmXm_>55</미세먼지농도_ug_mXmXm_>
<결과>보통</결과>
</Row>
<Row>
<날짜>2017-11-30</날짜>
<미세먼지농도_ug_mXmXm_>23</미세먼지농도_ug_mXmXm_>
<결과>좋음</결과>
</Row>
<Row>
<날짜>2017-12-01</날짜>
<미세먼지농도_ug_mXmXm_>25</미세먼지농도_ug_mXmXm_>
<결과>좋음</결과>
</Row>
<Row>
<날짜>2017-12-02</날짜>
<미세먼지농도_ug_mXmXm_>46</미세먼지농도_ug_mXmXm_>
<결과>보통</결과>
</Row>
<Row>
<날짜>2017-12-03</날짜>
<미세먼지농도_ug_mXmXm_>49</미세먼지농도_ug_mXmXm_>
<결과>보통</결과>
</Row>
<Row>
<날짜>2017-12-04</날짜>
<미세먼지농도_ug_mXmXm_>37</미세먼지농도_ug_mXmXm_>
<결과>보통</결과>
</Row>
<Row>
<날짜>2017-12-05</날짜>
<미세먼지농도_ug_mXmXm_>18</미세먼지농도_ug_mXmXm_>
<결과>좋음</결과>
</Row>
<Row>
<날짜>2017-12-06</날짜>
<미세먼지농도_ug_mXmXm_>48</미세먼지농도_ug_mXmXm_>
<결과>보통</결과>
</Row>
<Row>
<날짜>2017-12-07</날짜>
<미세먼지농도_ug_mXmXm_>49</미세먼지농도_ug_mXmXm_>
<결과>보통</결과>
</Row>
<Row>
<날짜>2017-12-08</날짜>
<미세먼지농도_ug_mXmXm_>18</미세먼지농도_ug_mXmXm_>
<결과>좋음</결과>
</Row>
<Row>
<날짜>2017-12-09</날짜>
<미세먼지농도_ug_mXmXm_>41</미세먼지농도_ug_mXmXm_>
<결과>보통</결과>
</Row>
<Row>
<날짜>2017-12-10</날짜>
<미세먼지농도_ug_mXmXm_>41</미세먼지농도_ug_mXmXm_>
<결과>보통</결과>
</Row>
<Row>
<날짜>2017-12-11</날짜>
<미세먼지농도_ug_mXmXm_>18</미세먼지농도_ug_mXmXm_>
<결과>좋음</결과>
</Row>
<Row>
<날짜>2017-12-12</날짜>
<미세먼지농도_ug_mXmXm_>19</미세먼지농도_ug_mXmXm_>
<결과>좋음</결과>
</Row>
<Row>
<날짜>2017-12-13</날짜>
<미세먼지농도_ug_mXmXm_>22</미세먼지농도_ug_mXmXm_>
<결과>좋음</결과>
</Row>
<Row>
<날짜>2017-12-14</날짜>
<미세먼지농도_ug_mXmXm_>28</미세먼지농도_ug_mXmXm_>
<결과>좋음</결과>
</Row>
<Row>
<날짜>2017-12-15</날짜>
<미세먼지농도_ug_mXmXm_>39</미세먼지농도_ug_mXmXm_>
<결과>보통</결과>
</Row>
<Row>
<날짜>2017-12-16</날짜>
<미세먼지농도_ug_mXmXm_>32</미세먼지농도_ug_mXmXm_>
<결과>보통</결과>
</Row>
<Row>
<날짜>2017-12-17</날짜>
<미세먼지농도_ug_mXmXm_>25</미세먼지농도_ug_mXmXm_>
<결과>좋음</결과>
</Row>
<Row>
<날짜>2017-12-18</날짜>
<미세먼지농도_ug_mXmXm_>45</미세먼지농도_ug_mXmXm_>
<결과>보통</결과>
</Row>
<Row>
<날짜>2017-12-19</날짜>
<미세먼지농도_ug_mXmXm_>36</미세먼지농도_ug_mXmXm_>
<결과>보통</결과>
</Row>
<Row>
<날짜>2017-12-20</날짜>
<미세먼지농도_ug_mXmXm_>35</미세먼지농도_ug_mXmXm_>
<결과>보통</결과>
</Row>
<Row>
<날짜>2017-12-21</날짜>
<미세먼지농도_ug_mXmXm_>31</미세먼지농도_ug_mXmXm_>
<결과>보통</결과>
</Row>
<Row>
<날짜>2017-12-22</날짜>
<미세먼지농도_ug_mXmXm_>48</미세먼지농도_ug_mXmXm_>
<결과>보통</결과>
</Row>
<Row>
<날짜>2017-12-23</날짜>
<미세먼지농도_ug_mXmXm_>64</미세먼지농도_ug_mXmXm_>
<결과>보통</결과>
</Row>
<Row>
<날짜>2017-12-24</날짜>
<미세먼지농도_ug_mXmXm_>35</미세먼지농도_ug_mXmXm_>
<결과>보통</결과>
</Row>
<Row>
<날짜>2017-12-25</날짜>
<미세먼지농도_ug_mXmXm_>28</미세먼지농도_ug_mXmXm_>
<결과>좋음</결과>
</Row>
<Row>
<날짜>2017-12-26</날짜>
<미세먼지농도_ug_mXmXm_>29</미세먼지농도_ug_mXmXm_>
<결과>좋음</결과>
</Row>
<Row>
<날짜>2017-12-27</날짜>
<미세먼지농도_ug_mXmXm_>19</미세먼지농도_ug_mXmXm_>
<결과>좋음</결과>
</Row>
<Row>
<날짜>2017-12-28</날짜>
<미세먼지농도_ug_mXmXm_>46</미세먼지농도_ug_mXmXm_>
<결과>보통</결과>
</Row>
<Row>
<날짜>2017-12-29</날짜>
<미세먼지농도_ug_mXmXm_>61</미세먼지농도_ug_mXmXm_>
<결과>보통</결과>
</Row>
<Row>
<날짜>2017-12-30</날짜>
<미세먼지농도_ug_mXmXm_>91</미세먼지농도_ug_mXmXm_>
<결과>나쁨</결과>
</Row>
<Row>
<날짜>2017-12-31</날짜>
<미세먼지농도_ug_mXmXm_>73</미세먼지농도_ug_mXmXm_>
<결과>보통</결과>
</Row>
</root>
